Metric,Baseline_Mean,PII_Mean,Mean_Diff,p_value
Trackers,25.333333333333332,17.2,-8.133333333333333,2.264668367318172e-13
Requests,213.53333333333333,184.2,-29.333333333333332,4.04817180840126e-13
NASA_TLX,34.86666666666667,35.86666666666667,1.0,6.899504558742374e-08
